query,page,clicks_28d,impressions_28d,position,position_prev
hvac maintenance scheduling,/blog/hvac-service-scheduling-checklist,41,3900,7.8,9.4
field service scheduling software,/features,38,5200,9.6,10.1
dispatch software for small business,/,22,4100,11.2,12.8
service van route planning,/features,17,2600,8.9,8.7
einsatzplanung handwerk software,/,29,3400,6.4,7.9
reduce no shows field service,/blog/reduce-no-shows-field-service,33,2100,5.7,6.9
handwerker software terminplanung,/features,18,3100,12.3,14.0
hvac dispatch software pricing,/pricing,9,1700,13.5,11.2
fieldline,/,188,420,1.1,1.1
fieldline pricing,/pricing,64,150,1.4,1.5
fieldline app,/,52,130,1.3,1.3
fieldline login,/,47,95,1.2,1.2
dispatch board vs spreadsheet,/blog/dispatch-board-vs-spreadsheet,36,210,2.3,2.9
whiteboard dispatch alternative,/blog/dispatch-board-vs-spreadsheet,21,260,3.1,3.6
technician scheduling app,/features,31,780,3.8,4.2
hvac service checklist winter,/blog/hvac-service-scheduling-checklist,14,520,4.9,6.1
emergency slots hvac scheduling,/blog/hvac-service-scheduling-checklist,6,310,8.4,9.9
customer appointment reminder sms plumber,/blog/reduce-no-shows-field-service,12,640,6.2,7.0
missed appointment cost technician,/blog/reduce-no-shows-field-service,5,330,9.1,9.8
spreadsheet vs dispatch software,/blog/dispatch-board-vs-spreadsheet,11,480,5.5,5.9
fieldline vs servicebee,/,7,180,4.2,5.0
servicebee alternative,/,10,560,14.8,15.5
tradeflow alternative germany,/,3,240,17.9,19.0
fieldkit alternative,/,2,150,21.4,22.1
dispatch software plumber,/features,4,690,19.2,20.5
heat pump installation scheduling,/features,3,410,24.0,26.5
e-rechnung handwerk,/pricing,0,1300,38.0,41.0
wärmepumpe installation planung,/features,1,820,31.5,33.0
handwerk software kosten,/pricing,8,900,16.4,17.9
software für heizungsbauer,/,6,770,15.9,16.8
elektriker auftragsverwaltung software,/features,5,640,17.2,17.0
wartungsvertrag verwaltung software,/features,4,520,18.3,19.4
kundenportal handwerker,/features,2,380,22.8,24.1
disposition handwerk app,/features,9,710,13.9,15.2
datev export handwerk software,/pricing,5,460,19.9,21.3
field service software germany,/,7,860,16.1,17.4
monteur app auftraege,/features,6,590,14.1,14.9
route optimization hvac technicians,/features,2,970,27.3,29.0
job scheduling software electricians,/features,3,740,20.7,22.6
how to schedule technicians,/blog/dispatch-board-vs-spreadsheet,4,880,18.8,18.1
fieldline reviews,/,2,110,6.0,8.5
