date,active_accounts,jobs_scheduled,new_paid,churned
2026-06-07,67,159,0,0
2026-06-08,68,999,1,0
2026-06-09,68,915,1,1
2026-06-10,69,958,2,1
2026-06-11,69,939,0,0
2026-06-12,71,1040,2,0
2026-06-13,72,173,1,0
2026-06-14,73,215,1,0
2026-06-15,74,1011,1,0
2026-06-16,75,1069,2,1
2026-06-17,75,1103,0,0
2026-06-18,77,1192,2,0
2026-06-19,78,1179,1,0
2026-06-20,79,209,1,0
2026-06-21,79,218,0,0
2026-06-22,79,1072,1,1
2026-06-23,78,1220,0,1
2026-06-24,78,1017,0,0
2026-06-25,79,1149,1,0
2026-06-26,80,1101,1,0
2026-06-27,79,204,0,1
2026-06-28,79,216,0,0
2026-06-29,79,1141,0,0
2026-06-30,79,1230,0,0
2026-07-01,79,1118,0,0
2026-07-02,79,1289,0,0
2026-07-03,80,1128,1,0
2026-07-04,81,236,1,0
2026-07-05,82,235,1,0
2026-07-06,82,1085,0,0
2026-07-07,83,1315,1,0
2026-07-08,84,1304,1,0
2026-07-09,84,1392,0,0
2026-07-10,84,1097,0,0
2026-07-11,85,220,1,0
2026-07-12,86,242,1,0
2026-07-13,87,1287,1,0
2026-07-14,88,1224,1,0
2026-07-15,90,1221,2,0
2026-07-16,90,1393,0,0
2026-07-17,90,1427,0,0
2026-07-18,90,264,0,0
2026-07-19,90,270,0,0
2026-07-20,91,1359,2,1
2026-07-21,92,1279,1,0
2026-07-22,92,1497,0,0
2026-07-23,93,1565,1,0
2026-07-24,95,1296,2,0
2026-07-25,95,289,0,0
2026-07-26,95,280,0,0
2026-07-27,95,1428,0,0
2026-07-28,97,1300,2,0
2026-07-29,99,1512,2,0
2026-07-30,99,1677,0,0
2026-07-31,100,1531,1,0
2026-08-01,100,292,0,0
2026-08-02,100,293,0,0
2026-08-03,102,1445,2,0
2026-08-04,102,1429,0,0
2026-08-05,103,1625,1,0
2026-08-06,105,1413,2,0
2026-08-07,107,1641,2,0
2026-08-08,108,293,1,0
2026-08-09,109,298,1,0
2026-08-10,110,1540,1,0
2026-08-11,110,1694,1,1
2026-08-12,110,1575,0,0
2026-08-13,111,1652,1,0
2026-08-14,112,1704,1,0
2026-08-15,113,292,1,0
2026-08-16,113,280,0,0
2026-08-17,115,1811,2,0
2026-08-18,117,1558,2,0
2026-08-19,119,1947,2,0
2026-08-20,120,1899,1,0
2026-08-21,120,1957,0,0
2026-08-22,121,342,1,0
2026-08-23,121,314,0,0
2026-08-24,122,1881,1,0
2026-08-25,122,1747,0,0
2026-08-26,122,1597,0,0
2026-08-27,122,1745,0,0
2026-08-28,122,1631,0,0
2026-08-29,122,328,0,0
2026-08-30,123,350,1,0
2026-08-31,123,1681,0,0
2026-09-01,123,1638,0,0
2026-09-02,123,1977,0,0
2026-09-03,125,1827,2,0
2026-09-04,125,1665,0,0
2026-09-05,125,302,0,0
2026-09-06,125,299,0,0
2026-09-07,127,2004,2,0
2026-09-08,128,1997,1,0
2026-09-09,129,1717,1,0
2026-09-10,130,2031,1,0
2026-09-11,131,1767,1,0
2026-09-12,131,316,0,0
2026-09-13,131,378,0,0
2026-09-14,131,2002,0,0
2026-09-15,132,2071,1,0
2026-09-16,131,1798,0,1
2026-09-17,131,2059,0,0
2026-09-18,131,1843,0,0
2026-09-19,131,366,0,0
2026-09-20,131,360,0,0
2026-09-21,131,2112,1,1
2026-09-22,132,2037,1,0
2026-09-23,132,2242,0,0
2026-09-24,133,1795,1,0
2026-09-25,135,2263,2,0
2026-09-26,136,388,1,0
2026-09-27,136,338,0,0
2026-09-28,138,2120,2,0
2026-09-29,138,2004,0,0
2026-09-30,138,1923,0,0
2026-10-01,140,1955,2,0
2026-10-02,140,2213,0,0
2026-10-03,140,426,1,1
2026-10-04,141,361,1,0
