date,mrr_eur,new_mrr_eur,churned_mrr_eur
2026-06-07,19724,0,0
2026-06-08,19873,149,0
2026-06-09,19873,149,149
2026-06-10,20322,748,299
2026-06-11,20322,0,0
2026-06-12,20770,448,0
2026-06-13,20919,149,0
2026-06-14,21218,299,0
2026-06-15,21517,299,0
2026-06-16,21666,448,299
2026-06-17,21666,0,0
2026-06-18,22114,448,0
2026-06-19,22413,299,0
2026-06-20,22562,149,0
2026-06-21,22562,0,0
2026-06-22,22562,149,149
2026-06-23,22263,0,299
2026-06-24,22263,0,0
2026-06-25,22412,149,0
2026-06-26,22561,149,0
2026-06-27,22412,0,149
2026-06-28,22412,0,0
2026-06-29,22412,0,0
2026-06-30,22412,0,0
2026-07-01,22412,0,0
2026-07-02,22412,0,0
2026-07-03,22561,149,0
2026-07-04,22710,149,0
2026-07-05,23009,299,0
2026-07-06,23009,0,0
2026-07-07,23608,599,0
2026-07-08,23757,149,0
2026-07-09,23757,0,0
2026-07-10,23757,0,0
2026-07-11,23906,149,0
2026-07-12,24055,149,0
2026-07-13,24204,149,0
2026-07-14,24353,149,0
2026-07-15,24951,598,0
2026-07-16,24951,0,0
2026-07-17,24951,0,0
2026-07-18,24951,0,0
2026-07-19,24951,0,0
2026-07-20,25100,448,299
2026-07-21,25249,149,0
2026-07-22,25249,0,0
2026-07-23,25398,149,0
2026-07-24,25996,598,0
2026-07-25,25996,0,0
2026-07-26,25996,0,0
2026-07-27,25996,0,0
2026-07-28,26444,448,0
2026-07-29,26892,448,0
2026-07-30,26892,0,0
2026-07-31,27191,299,0
2026-08-01,27191,0,0
2026-08-02,27191,0,0
2026-08-03,27489,298,0
2026-08-04,27489,0,0
2026-08-05,27788,299,0
2026-08-06,28536,748,0
2026-08-07,28984,448,0
2026-08-08,29133,149,0
2026-08-09,29432,299,0
2026-08-10,29731,299,0
2026-08-11,29881,299,149
2026-08-12,29881,0,0
2026-08-13,30030,149,0
2026-08-14,30629,599,0
2026-08-15,30778,149,0
2026-08-16,30778,0,0
2026-08-17,31076,298,0
2026-08-18,31674,598,0
2026-08-19,32272,598,0
2026-08-20,32571,299,0
2026-08-21,32571,0,0
2026-08-22,32870,299,0
2026-08-23,32870,0,0
2026-08-24,33169,299,0
2026-08-25,33169,0,0
2026-08-26,33169,0,0
2026-08-27,33169,0,0
2026-08-28,33169,0,0
2026-08-29,33169,0,0
2026-08-30,33468,299,0
2026-08-31,33468,0,0
2026-09-01,33468,0,0
2026-09-02,33468,0,0
2026-09-03,33766,298,0
2026-09-04,33766,0,0
2026-09-05,33766,0,0
2026-09-06,33766,0,0
2026-09-07,34514,748,0
2026-09-08,34663,149,0
2026-09-09,34962,299,0
2026-09-10,35561,599,0
2026-09-11,35710,149,0
2026-09-12,35710,0,0
2026-09-13,35710,0,0
2026-09-14,35710,0,0
2026-09-15,36009,299,0
2026-09-16,35710,0,299
2026-09-17,35710,0,0
2026-09-18,35710,0,0
2026-09-19,35710,0,0
2026-09-20,35710,0,0
2026-09-21,35860,299,149
2026-09-22,36009,149,0
2026-09-23,36009,0,0
2026-09-24,36308,299,0
2026-09-25,37206,898,0
2026-09-26,37505,299,0
2026-09-27,37505,0,0
2026-09-28,37953,448,0
2026-09-29,37953,0,0
2026-09-30,37953,0,0
2026-10-01,38401,448,0
2026-10-02,38401,0,0
2026-10-03,38251,149,299
2026-10-04,38400,149,0
