date,clicks,impressions,avg_position
2026-06-07,190,6952,12.2
2026-06-08,258,8621,12.1
2026-06-09,258,8587,12.6
2026-06-10,303,9849,12.1
2026-06-11,292,9365,12.3
2026-06-12,251,9052,12.3
2026-06-13,189,6963,12.2
2026-06-14,170,6299,12.2
2026-06-15,281,9323,12.4
2026-06-16,235,8716,12.3
2026-06-17,265,9173,12.4
2026-06-18,260,9464,12.1
2026-06-19,217,8303,12.2
2026-06-20,208,6810,12.4
2026-06-21,195,6652,12.2
2026-06-22,295,9371,12.1
2026-06-23,276,9163,12.2
2026-06-24,288,10395,12.0
2026-06-25,260,9400,12.4
2026-06-26,241,8588,12.1
2026-06-27,217,7493,12.2
2026-06-28,188,7029,11.9
2026-06-29,258,9294,12.3
2026-06-30,312,10382,12.1
2026-07-01,294,10293,11.9
2026-07-02,288,10125,12.1
2026-07-03,268,9035,12.1
2026-07-04,200,6777,12.2
2026-07-05,207,6791,12.2
2026-07-06,324,10395,12.2
2026-07-07,336,10683,12.2
2026-07-08,308,10124,12.0
2026-07-09,306,10232,11.8
2026-07-10,306,9604,12.0
2026-07-11,211,7060,11.8
2026-07-12,201,6890,11.8
2026-07-13,289,10505,12.3
2026-07-14,260,9321,11.9
2026-07-15,298,10840,11.8
2026-07-16,267,10120,11.9
2026-07-17,270,10141,12.1
2026-07-18,215,6907,11.9
2026-07-19,213,6974,11.8
2026-07-20,244,9263,12.1
2026-07-21,270,9428,11.7
2026-07-22,323,10702,12.1
2026-07-23,264,9592,11.9
2026-07-24,241,9215,12.0
2026-07-25,247,7919,12.1
2026-07-26,210,6792,12.0
2026-07-27,282,10122,11.6
2026-07-28,307,10023,12.0
2026-07-29,300,10093,11.9
2026-07-30,300,11137,11.7
2026-07-31,294,9182,12.1
2026-08-01,215,7843,11.7
2026-08-02,231,7574,12.1
2026-08-03,319,10223,12.0
2026-08-04,282,10459,12.1
2026-08-05,297,11324,11.7
2026-08-06,292,10190,11.8
2026-08-07,290,9362,11.9
2026-08-08,219,7854,11.7
2026-08-09,201,7085,11.9
2026-08-10,288,10540,11.7
2026-08-11,289,10228,11.8
2026-08-12,307,10210,11.9
2026-08-13,320,11432,11.8
2026-08-14,299,10958,11.9
2026-08-15,237,8106,11.6
2026-08-16,194,7388,11.5
2026-08-17,321,11269,11.5
2026-08-18,326,11228,12.0
2026-08-19,301,11423,11.7
2026-08-20,293,10393,11.6
2026-08-21,323,10273,11.6
2026-08-22,250,8452,11.7
2026-08-23,218,8127,11.9
2026-08-24,295,9937,11.8
2026-08-25,343,10960,11.8
2026-08-26,304,10381,11.7
2026-08-27,300,10855,11.5
2026-08-28,291,10397,11.7
2026-08-29,248,7938,11.5
2026-08-30,214,7226,11.4
2026-08-31,283,10619,11.3
2026-09-01,333,11311,11.5
2026-09-02,372,12062,11.7
2026-09-03,322,11841,11.6
2026-09-04,257,9865,11.3
2026-09-05,235,8305,11.8
2026-09-06,217,8247,11.6
2026-09-07,332,10600,11.4
2026-09-08,307,11127,11.2
2026-09-09,353,11978,11.4
2026-09-10,290,10707,11.7
2026-09-11,314,11054,11.4
2026-09-12,247,9023,11.3
2026-09-13,263,8487,11.2
2026-09-14,322,10748,11.2
2026-09-15,330,11577,11.2
2026-09-16,374,12271,11.5
2026-09-17,302,11594,11.2
2026-09-18,328,10400,11.6
2026-09-19,234,7933,11.4
2026-09-20,258,8129,11.4
2026-09-21,354,11394,11.4
2026-09-22,308,11177,11.1
2026-09-23,382,12677,11.6
2026-09-24,347,11783,11.6
2026-09-25,315,11854,11.4
2026-09-26,245,8294,11.5
2026-09-27,247,7850,11.4
2026-09-28,334,10737,11.2
2026-09-29,336,11657,11.3
2026-09-30,342,11789,11.5
2026-10-01,326,11508,11.2
2026-10-02,299,10575,11.3
2026-10-03,263,9434,11.4
2026-10-04,265,8379,11.4
