date,sessions,users,signups_trial,bounce_rate
2026-06-07,444,358,10,0.477
2026-06-08,1252,984,28,0.466
2026-06-09,1234,979,27,0.48
2026-06-10,1383,1103,32,0.466
2026-06-11,1342,1058,29,0.452
2026-06-12,1135,881,24,0.465
2026-06-13,584,445,13,0.472
2026-06-14,460,365,10,0.505
2026-06-15,1325,1027,28,0.446
2026-06-16,1299,1030,30,0.466
2026-06-17,1339,1030,28,0.482
2026-06-18,1241,948,28,0.461
2026-06-19,1144,916,24,0.475
2026-06-20,555,446,13,0.51
2026-06-21,497,397,11,0.51
2026-06-22,1285,1024,30,0.466
2026-06-23,1368,1057,28,0.441
2026-06-24,1358,1075,30,0.461
2026-06-25,1284,1004,28,0.453
2026-06-26,1177,926,28,0.475
2026-06-27,598,479,14,0.49
2026-06-28,527,424,12,0.519
2026-06-29,1326,1051,29,0.452
2026-06-30,1437,1105,31,0.486
2026-07-01,1505,1155,34,0.487
2026-07-02,1269,978,26,0.456
2026-07-03,1156,921,24,0.486
2026-07-04,556,431,12,0.518
2026-07-05,474,379,11,0.519
2026-07-06,1325,1037,28,0.465
2026-07-07,1421,1115,32,0.468
2026-07-08,1471,1188,30,0.446
2026-07-09,1401,1090,32,0.464
2026-07-10,1242,965,29,0.476
2026-07-11,639,508,14,0.515
2026-07-12,474,376,11,0.518
2026-07-13,1404,1094,32,0.462
2026-07-14,1377,1089,32,0.462
2026-07-15,1543,1182,33,0.467
2026-07-16,1360,1040,28,0.48
2026-07-17,1237,944,26,0.467
2026-07-18,604,475,13,0.519
2026-07-19,523,417,11,0.484
2026-07-20,1441,1119,30,0.454
2026-07-21,1438,1144,33,0.447
2026-07-22,1459,1172,34,0.454
2026-07-23,1399,1104,31,0.474
2026-07-24,1267,963,29,0.487
2026-07-25,654,508,15,0.487
2026-07-26,545,440,11,0.52
2026-07-27,1279,974,29,0.482
2026-07-28,1524,1209,33,0.456
2026-07-29,1536,1233,35,0.456
2026-07-30,1382,1089,31,0.456
2026-07-31,1340,1061,31,0.488
2026-08-01,653,500,15,0.494
2026-08-02,549,424,13,0.491
2026-08-03,1457,1119,34,0.441
2026-08-04,1358,1045,31,0.449
2026-08-05,1509,1220,35,0.487
2026-08-06,1458,1123,32,0.486
2026-08-07,1276,993,28,0.477
2026-08-08,634,506,14,0.5
2026-08-09,516,413,12,0.483
2026-08-10,1392,1123,32,0.469
2026-08-11,1469,1135,34,0.454
2026-08-12,1482,1132,32,0.472
2026-08-13,1387,1115,29,0.459
2026-08-14,1368,1089,29,0.457
2026-08-15,648,498,14,0.49
2026-08-16,529,426,12,0.479
2026-08-17,1383,1061,29,0.465
2026-08-18,1397,1115,29,0.456
2026-08-19,1483,1151,32,0.462
2026-08-20,1532,1171,33,0.455
2026-08-21,1280,1033,29,0.446
2026-08-22,629,485,14,0.489
2026-08-23,552,430,13,0.502
2026-08-24,1385,1076,29,0.462
2026-08-25,1534,1190,33,0.453
2026-08-26,1606,1276,33,0.468
2026-08-27,1474,1162,32,0.472
2026-08-28,1304,1017,29,0.454
2026-08-29,627,489,13,0.501
2026-08-30,533,425,13,0.499
2026-08-31,1538,1218,35,0.443
2026-09-01,1413,1090,32,0.446
2026-09-02,1522,1190,34,0.467
2026-09-03,1443,1157,32,0.454
2026-09-04,1375,1087,31,0.49
2026-09-05,636,488,15,0.497
2026-09-06,563,443,13,0.493
2026-09-07,1452,1170,30,0.45
2026-09-08,1526,1216,33,0.469
2026-09-09,1611,1281,33,0.47
2026-09-10,1542,1214,34,0.45
2026-09-11,1391,1114,32,0.467
2026-09-12,634,494,14,0.491
2026-09-13,561,439,13,0.512
2026-09-14,1511,1175,32,0.451
2026-09-15,1638,1291,35,0.47
2026-09-16,1654,1336,36,0.457
2026-09-17,1561,1255,34,0.469
2026-09-18,1409,1098,30,0.476
2026-09-19,665,531,16,0.487
2026-09-20,530,407,12,0.517
2026-09-21,1443,1128,31,0.472
2026-09-22,1529,1184,35,0.487
2026-09-23,1651,1261,35,0.484
2026-09-24,1638,1267,35,0.481
2026-09-25,1453,1121,34,0.47
2026-09-26,668,527,14,0.488
2026-09-27,563,448,12,0.478
2026-09-28,1504,1182,35,0.477
2026-09-29,1506,1194,31,0.45
2026-09-30,1577,1228,36,0.479
2026-10-01,1488,1159,33,0.471
2026-10-02,1312,1052,16,0.464
2026-10-03,719,578,9,0.516
2026-10-04,573,444,7,0.499
