id,contact_id,title,stage,value_eur,next_step,next_step_due,updated_at
d001,c009,Vogel Haustechnik - Team plan,demo,3588,Send maintenance-contract demo recording,2026-09-30,2026-09-23
d002,c010,Kraft Installation - Business plan,proposal,7188,"Answer SSO question, resend proposal",2026-10-03,2026-09-27
d003,c011,Winter Gebäudetechnik - Business plan,negotiation,7188,Confirm annual billing discount with Mara,2026-10-07,2026-09-30
d004,c012,Reuter Sanitär - Starter plan,qualified,1788,Book demo,2026-09-26,2026-09-16
d005,c013,Baumann Elektro - Starter plan,lead,1788,Qualification call,2026-10-08,2026-09-13
d006,c014,Lutz Heizung - Team plan,demo,3588,Follow up on DATEV export question,2026-10-01,2026-09-19
d007,c015,Brandl Technik - Team plan,qualified,3588,Offer annual billing,2026-10-11,2026-09-08
d008,c016,Schuster Wärmepumpen - Business plan,proposal,7188,Proposal review call,2026-10-06,2026-09-24
d009,c017,Dietrich Klima - Team plan,won,3588,,,2026-09-15
d010,c018,Sommer Elektro - Starter plan,lost,1788,,,2026-08-31
d011,c019,Lang Sanitär - Starter plan,lost,1788,,,2026-08-14
d012,c021,Schreiber Solartechnik - Team plan,qualified,3588,Show customer portal,2026-10-09,2026-09-21
d013,c022,Roth Elektro - Team plan,demo,3588,Route planning comparison,2026-10-12,2026-09-14
d014,c024,Brandt Elektro - Starter plan,qualified,1788,Send SMS reminder examples,2026-10-10,2026-09-25
